{
  "num_rows": 600000,
  "features": {
    "amount": {
      "type": "continuous",
      "group": "default",
      "statistics": {
        "cnt": 600000.0,
        "min": 0.62,
        "max": 36012019.81,
        "mean": 178664.69777099974,
        "std": 573182.1544240416,
        "skew": 25.91142169884568,
        "kurt": 1124.5633302084784,
        "ste": 739.9749794758671,
        "cv": 320.81444268229615,
        "var": 328537782150.186,
        "sum": 107198818662.59985,
        "uss": 2.1627531382787318e+17,
        "css": 1.9712266929011158e+17,
        "histogram": {
          "edges": [
            0.0,
            3601201.98,
            7202403.96,
            10803605.94,
            14404807.92,
            18006009.91,
            21607211.89,
            25208413.87,
            28809615.85,
            32410817.83,
            36012019.81
          ],
          "values": [
            598620.0,
            600.0,
            620.0,
            40.0,
            20.0,
            20.0,
            40.0,
            20.0,
            0.0,
            20.0
          ]
        }
      }
    },
    "oldbalanceorig": {
      "type": "continuous",
      "group": "default",
      "statistics": {
        "cnt": 600000.0,
        "min": 0.0,
        "max": 33593209.9,
        "mean": 801729.2445496668,
        "std": 2812923.168000315,
        "skew": 5.36599761695953,
        "kurt": 34.457928183668464,
        "ste": 3631.468194608742,
        "cv": 350.8569990583717,
        "var": 7912536749072.927,
        "sum": 481037546729.80005,
        "uss": 5.133183918383463e+18,
        "css": 4.747522049443756e+18,
        "histogram": {
          "edges": [
            0.0,
            3359320.99,
            6718641.98,
            10077962.97,
            13437283.96,
            16796604.95,
            20155925.94,
            23515246.93,
            26874567.92,
            30233888.91,
            33593209.9
          ],
          "values": [
            555120.0,
            21060.0,
            11360.0,
            4840.0,
            2340.0,
            2160.0,
            1580.0,
            1020.0,
            420.0,
            100.0
          ]
        }
      }
    },
    "newbalanceorig": {
      "type": "continuous",
      "group": "default",
      "statistics": {
        "cnt": 600000.0,
        "min": 0.0,
        "max": 33748554.09,
        "mean": 822506.6889140006,
        "std": 2850079.0522995167,
        "skew": 5.296588370005632,
        "kurt": 33.62668985798654,
        "ste": 3679.436234976882,
        "cv": 346.5113525170996,
        "var": 8122950604356.513,
        "sum": 493504013348.4004,
        "uss": 5.279680714598871e+18,
        "css": 4.873770362613907e+18,
        "histogram": {
          "edges": [
            0.0,
            3374855.41,
            6749710.82,
            10124566.23,
            13499421.64,
            16874277.05,
            20249132.45,
            23623987.86,
            26998843.27,
            30373698.68,
            33748554.1
          ],
          "values": [
            554080.0,
            21620.0,
            11640.0,
            4920.0,
            2440.0,
            2160.0,
            1640.0,
            960.0,
            440.0,
            100.0
          ]
        }
      }
    },
    "oldbalancedest": {
      "type": "continuous",
      "group": "default",
      "statistics": {
        "cnt": 600000.0,
        "min": 0.0,
        "max": 174582899.7,
        "mean": 1121994.4856639993,
        "std": 3358337.2663789457,
        "skew": 15.69872330489772,
        "kurt": 525.2815259414983,
        "ste": 4335.594767877799,
        "cv": 299.3185179864295,
        "var": 11278429194749.61,
        "sum": 673196691398.3997,
        "uss": 7.52238049236602e+18,
        "css": 6.767057516849766e+18,
        "histogram": {
          "edges": [
            0.0,
            27318422.9,
            54636845.8,
            81955268.7,
            109273691.6,
            136592114.5,
            163910537.4,
            191228960.3,
            218547383.2,
            245865806.1,
            273184229.0
          ],
          "values": [
            598760.0,
            980.0,
            140.0,
            80.0,
            20.0,
            0.0,
            20.0,
            0.0,
            0.0,
            0.0
          ]
        }
      }
    },
    "newbalancedest": {
      "type": "continuous",
      "group": "default",
      "statistics": {
        "cnt": 600000.0,
        "min": 0.0,
        "max": 174743742.6,
        "mean": 1244237.7288166664,
        "std": 3579407.171408541,
        "skew": 14.789889186973301,
        "kurt": 455.38602267995367,
        "ste": 4620.994788053558,
        "cv": 287.6787199511093,
        "var": 12812155698730.893,
        "sum": 746542637289.9999,
        "uss": 8.616169934725049e+18,
        "css": 7.687293419238535e+18,
        "histogram": {
          "edges": [
            0.0,
            27326874.52,
            54653749.04,
            81980623.56,
            109307498.08,
            136634372.6,
            163961247.12,
            191288121.64,
            218614996.16,
            245941870.68,
            273268745.2
          ],
          "values": [
            598540.0,
            1160.0,
            180.0,
            60.0,
            20.0,
            20.0,
            20.0,
            0.0,
            0.0,
            0.0
          ]
        }
      }
    },
    "transaction_type": {
      "type": "categorical",
      "group": "default",
      "statistics": {
        "frequency": {
          "CASH_IN": 131080.0,
          "TRANSFER": 50720.0,
          "DEBIT": 3900.0,
          "PAYMENT": 204380.0,
          "CASH_OUT": 209920.0
        }
      },
      "categories": [
        "CASH_IN",
        "TRANSFER",
        "DEBIT",
        "PAYMENT",
        "CASH_OUT"
      ]
    }
  },
  "targets": {
    "isfraud": {
      "type": "categorical",
      "group": "default",
      "statistics": {
        "frequency": {
          "1": 740.0,
          "0": 599260.0
        }
      },
      "categories": [
        "1",
        "0"
      ]
    }
  }
}